{"schemaVersion":"1.0","appDefinitionTemplate":{"id":"/providers/Microsoft.PowerApps/apps/","type":"Microsoft.PowerApps/apps","tags":{"sp-site-id":"https://psacombr.sharepoint.com/sites/TesteLists","sp-list-id":"e6e793d9-dfda-4969-91c1-c0f7b4a0b622","https://psacombr.sharepoint.com/sites/TesteLists":"e6e793d9-dfda-4969-91c1-c0f7b4a0b622","primaryDeviceWidth":"640","primaryDeviceHeight":"1136","sienaVersion":"20211105T204822Z-3.21103.27.0","deviceCapabilities":"","supportsPortrait":"true","supportsLandscape":"true","primaryFormFactor":"Phone","publisherVersion":"3.21103.27","minimumRequiredApiVersion":"2.2.0","hasComponent":"false","hasUnlockedComponent":"false","isUnifiedRootApp":"false"},"properties":{"appVersion":"2021-11-05T20:48:22Z","lifeCycleId":"Published","createdByClientVersion":{"major":3,"minor":21103,"build":27,"revision":0,"majorRevision":0,"minorRevision":0},"minClientVersion":{"major":3,"minor":21103,"build":27,"revision":0,"majorRevision":0,"minorRevision":0},"backgroundColor":"rgba(255, 255, 255, 1)","backgroundImageUri":"/13422546879094203640/N80e5e0d7-5a23-4f68-83fa-aa879a11288d-logoSmallFile","displayName":"Check-Out BETA","description":"","commitMessage":"","appUris":{"documentUri":{"value":"/13422546879094203640/N270ade1e-0547-41eb-89fc-843daa4807db-document.msapp"},"imageUris":[]},"createdTime":"0001-01-01T00:00:00Z","lastModifiedTime":"0001-01-01T00:00:00Z","sharedGroupsCount":0,"sharedUsersCount":0,"icons":{"smallIconUri":"/13422546879094203640/N96b3ea92-63c2-4dc8-9704-2d7d5044ca0c-small.png","mediumIconUri":"/13422546879094203640/Nf6d2689c-1820-41d7-ba6b-b858ade06df5-medium.png","largeIconUri":"/13422546879094203640/N0c576441-8940-4d41-b20b-6cdbcb17c89d-large.png","wideIconUri":"/13422546879094203640/N1d18c1c8-5084-4022-9d5f-a37b48589076-wide.png"},"connectionReferences":{"f2545271-24bb-4888-a791-50566bf97572":{"id":"b8a42897-263d-4dde-9ff9-e861c12e890f","displayName":"SharePoint","iconUri":"https://connectoricons-prod.azureedge.net/releases/v1.0.1533/1.0.1533.2600/sharepointonline/icon.png","dataSources":["Check-Out Server","Check-Out Storage","Check-Out Microcomputador","Check-Out Switch LAN","Check-Out Switch SAN","Check-Out Tape Library","Sugestões_1","Check-In Servidor","Check-In Storage","Check-In Tape Library","Check-In Microcomputador","Check-In Switch SAN","Check-In Switch LAN"],"dependencies":[],"dependents":[],"parameterHints":{},"parameterHintsV2":{},"isOnPremiseConnection":false,"bypassConsent":false,"dataSets":{"https://psacombr.sharepoint.com/sites/TesteLists":{"dataSources":{"Check-Out Server":{"tableName":"e6e793d9-dfda-4969-91c1-c0f7b4a0b622"},"Check-Out Storage":{"tableName":"5543bf9c-a6e1-43c0-89a3-3398e8902c8d"},"Check-Out Microcomputador":{"tableName":"2ac974d8-2773-4c99-a70a-453623495b01"},"Check-Out Switch LAN":{"tableName":"c2e9471e-65ea-4bcd-92cc-b521b242a79b"},"Check-Out Switch SAN":{"tableName":"3587f735-a7d5-476d-aaec-c2020b891b9f"},"Check-Out Tape Library":{"tableName":"9810c075-572a-4afd-9bf6-f0a4af610c03"},"Sugestões_1":{"tableName":"2022bacf-b6d3-41bb-9c71-a6e7862e1842"},"Check-In Servidor":{"tableName":"e4f7b94d-d257-4f02-ad19-3eac5713ffe0"},"Check-In Storage":{"tableName":"7a1c7745-4cd5-412f-9a68-ffe941e6093e"},"Check-In Tape Library":{"tableName":"ac784fdf-982b-46c6-9574-cb79632608c8"},"Check-In Microcomputador":{"tableName":"d4cdfcbe-e15a-4c0f-94b1-c7cea5103281"},"Check-In Switch SAN":{"tableName":"87ef5e36-2478-40e8-a9b0-33d02942fb44"},"Check-In Switch LAN":{"tableName":"63e82f24-0604-44a5-a823-a59a88476ab8"}}}},"apiTier":"Standard","isCustomApiConnection":false,"actions":["providers/PowerPlatform.Governance/Operations/Read"]}},"databaseReferences":{},"almMode":"Environment","performanceOptimizationEnabled":true,"canConsumeAppPass":true,"executionRestrictions":{"isTeamsOnly":false,"dataLossPreventionEvaluationResult":{"status":"Compliant","lastEvaluationDate":"2021-10-05T20:04:44.19532Z","violations":[],"violationsByPolicy":[],"violationErrorMessage":"O aplicativo usa os seguintes conectores: shared_sharepointonline."}}},"appType":"ClassicCanvasApp","appComponents":[]}}